Date/Time,999 [°C]
19/06/2025 12:41:50,17.8
19/06/2025 12:41:51,17.8
19/06/2025 12:41:52,17.3
19/06/2025 12:41:53,17.3
19/06/2025 12:41:54,17.3
19/06/2025 12:41:55,17.3
19/06/2025 12:41:56,17.3
19/06/2025 12:41:57,17.4
19/06/2025 12:41:58,17.3
19/06/2025 12:41:59,17.3
19/06/2025 12:42:00,17.3
19/06/2025 12:42:01,17.3
19/06/2025 12:42:02,17.7
19/06/2025 12:42:03,21.0
19/06/2025 12:42:04,23.2
19/06/2025 12:42:05,22.7
19/06/2025 12:42:06,22.3
19/06/2025 12:42:07,22.0
19/06/2025 12:42:08,21.8
19/06/2025 12:42:09,24.5
19/06/2025 12:42:10,24.3
19/06/2025 12:42:11,26.6
19/06/2025 12:42:12,26.2
19/06/2025 12:42:13,28.3
19/06/2025 12:42:14,27.5
19/06/2025 12:42:15,27.3
19/06/2025 12:42:16,26.3
19/06/2025 12:42:17,26.0
19/06/2025 12:42:18,29.4
19/06/2025 12:42:19,33.1
19/06/2025 12:42:20,29.9
19/06/2025 12:42:21,29.7
19/06/2025 12:42:22,28.8
19/06/2025 12:42:23,28.4
19/06/2025 12:42:24,31.3
19/06/2025 12:42:25,32.6
19/06/2025 12:42:26,34.2
19/06/2025 12:42:27,33.7
19/06/2025 12:42:28,31.9
19/06/2025 12:42:29,31.8
19/06/2025 12:42:30,33.9
19/06/2025 12:42:31,35.0
19/06/2025 12:42:32,36.5
19/06/2025 12:42:33,36.0
19/06/2025 12:42:34,37.4
19/06/2025 12:42:35,41.3
19/06/2025 12:42:36,40.6
19/06/2025 12:42:37,39.0
19/06/2025 12:42:38,37.1
19/06/2025 12:42:39,36.3
19/06/2025 12:42:40,40.5
19/06/2025 12:42:41,41.7
19/06/2025 12:42:42,40.9
19/06/2025 12:42:43,38.9
19/06/2025 12:42:44,39.9
19/06/2025 12:42:45,42.5
19/06/2025 12:42:46,47.7
19/06/2025 12:42:47,47.2
19/06/2025 12:42:48,45.1
19/06/2025 12:42:49,42.4
19/06/2025 12:42:50,41.2
19/06/2025 12:42:51,40.4
19/06/2025 12:42:52,43.8
19/06/2025 12:42:53,42.1
19/06/2025 12:42:54,43.4
19/06/2025 12:42:55,49.4
19/06/2025 12:42:56,52.4
19/06/2025 12:42:57,51.5
19/06/2025 12:42:58,48.4
19/06/2025 12:42:59,46.5
19/06/2025 12:43:00,45.4
19/06/2025 12:43:01,48.3
19/06/2025 12:43:02,51.5
19/06/2025 12:43:03,50.9
19/06/2025 12:43:04,47.9
19/06/2025 12:43:05,50.6
19/06/2025 12:43:06,52.5
19/06/2025 12:43:07,53.9
19/06/2025 12:43:08,54.3
19/06/2025 12:43:09,53.8
19/06/2025 12:43:10,52.8
19/06/2025 12:43:11,52.5
19/06/2025 12:43:12,52.4
19/06/2025 12:43:13,53.6
19/06/2025 12:43:14,56.4
19/06/2025 12:43:15,57.4
19/06/2025 12:43:16,54.5
19/06/2025 12:43:17,54.5
19/06/2025 12:43:18,55.7
19/06/2025 12:43:19,59.3
19/06/2025 12:43:20,57.6
19/06/2025 12:43:21,56.1
19/06/2025 12:43:22,55.5
19/06/2025 12:43:23,59.8
19/06/2025 12:43:24,60.7
19/06/2025 12:43:25,62.8
19/06/2025 12:43:26,59.6
19/06/2025 12:43:27,58.0
19/06/2025 12:43:28,55.7
19/06/2025 12:43:29,59.3
19/06/2025 12:43:30,60.2
19/06/2025 12:43:31,62.5
19/06/2025 12:43:32,65.2
19/06/2025 12:43:33,66.2
19/06/2025 12:43:34,63.8
19/06/2025 12:43:35,61.0
19/06/2025 12:43:36,62.5
19/06/2025 12:43:37,64.7
19/06/2025 12:43:38,67.5
19/06/2025 12:43:39,68.1
19/06/2025 12:43:40,69.6
19/06/2025 12:43:41,69.3
19/06/2025 12:43:42,64.2
19/06/2025 12:43:43,61.8
19/06/2025 12:43:44,58.0
19/06/2025 12:43:45,58.4
19/06/2025 12:43:46,57.4
19/06/2025 12:43:47,57.7
19/06/2025 12:43:48,59.4
19/06/2025 12:43:49,59.4
19/06/2025 12:43:50,56.7
19/06/2025 12:43:51,55.7
19/06/2025 12:43:52,53.6
19/06/2025 12:43:53,55.8
19/06/2025 12:43:54,54.4
19/06/2025 12:43:55,52.2
19/06/2025 12:43:56,50.7
19/06/2025 12:43:57,51.4
19/06/2025 12:43:58,53.0
19/06/2025 12:43:59,53.6
19/06/2025 12:44:00,52.7
19/06/2025 12:44:01,50.6
19/06/2025 12:44:02,47.9
19/06/2025 12:44:03,48.5
19/06/2025 12:44:04,50.9
19/06/2025 12:44:05,47.7
19/06/2025 12:44:06,46.9
19/06/2025 12:44:07,45.3
19/06/2025 12:44:08,45.0
19/06/2025 12:44:09,49.0
19/06/2025 12:44:10,50.9
19/06/2025 12:44:11,46.1
19/06/2025 12:44:12,45.5
19/06/2025 12:44:13,43.9
19/06/2025 12:44:14,42.4
19/06/2025 12:44:15,43.9
19/06/2025 12:44:16,45.1
19/06/2025 12:44:17,42.8
19/06/2025 12:44:18,42.1
19/06/2025 12:44:19,40.7
19/06/2025 12:44:20,40.1
19/06/2025 12:44:21,41.1
19/06/2025 12:44:22,39.6
19/06/2025 12:44:23,40.6
19/06/2025 12:44:24,39.7
19/06/2025 12:44:25,38.7
19/06/2025 12:44:26,36.8
19/06/2025 12:44:27,36.3
19/06/2025 12:44:28,36.1
19/06/2025 12:44:29,39.3
19/06/2025 12:44:30,38.5
19/06/2025 12:44:31,37.2
19/06/2025 12:44:32,36.3
19/06/2025 12:44:33,35.2
19/06/2025 12:44:34,34.2
19/06/2025 12:44:35,33.3
19/06/2025 12:44:36,33.3
19/06/2025 12:44:37,34.4
19/06/2025 12:44:38,33.4
19/06/2025 12:44:39,32.6
19/06/2025 12:44:40,31.8
19/06/2025 12:44:41,31.0
19/06/2025 12:44:42,30.2
19/06/2025 12:44:43,29.5
19/06/2025 12:44:44,28.8
19/06/2025 12:44:45,28.2
19/06/2025 12:44:46,27.9
19/06/2025 12:44:47,30.2
19/06/2025 12:44:48,29.4
19/06/2025 12:44:49,28.7
19/06/2025 12:44:50,28.0
19/06/2025 12:44:51,27.4
19/06/2025 12:44:52,26.8
19/06/2025 12:44:53,26.5
19/06/2025 12:44:54,25.9
19/06/2025 12:44:55,25.5
19/06/2025 12:44:56,23.1
19/06/2025 12:44:57,23.1
19/06/2025 12:44:58,22.9
19/06/2025 12:44:59,22.6
19/06/2025 12:45:00,22.5
19/06/2025 12:45:01,22.2
19/06/2025 12:45:02,22.0
19/06/2025 12:45:03,21.7
19/06/2025 12:45:04,21.5
19/06/2025 12:45:05,21.3
19/06/2025 12:45:06,21.1
19/06/2025 12:45:07,19.2
19/06/2025 12:45:08,19.3
19/06/2025 12:45:09,19.3
19/06/2025 12:45:10,19.2
19/06/2025 12:45:11,19.2
19/06/2025 12:45:12,16.9
19/06/2025 12:45:13,16.0
19/06/2025 12:45:14,16.3
19/06/2025 12:45:15,16.5
19/06/2025 12:45:16,16.6
19/06/2025 12:45:17,16.8
19/06/2025 12:45:18,16.8
19/06/2025 12:45:19,15.1
19/06/2025 12:45:20,15.1
19/06/2025 12:45:21,14.0
19/06/2025 12:45:22,12.8
19/06/2025 12:45:23,13.2
19/06/2025 12:45:24,11.9
19/06/2025 12:45:25,12.5
19/06/2025 12:45:26,13.0
19/06/2025 12:45:27,11.2
19/06/2025 12:45:28,10.4
19/06/2025 12:45:29,9.5
19/06/2025 12:45:30,8.7
19/06/2025 12:45:31,9.4
19/06/2025 12:45:32,8.2
19/06/2025 12:45:33,7.6
19/06/2025 12:45:34,8.5
19/06/2025 12:45:35,9.1
19/06/2025 12:45:36,8.2
19/06/2025 12:45:37,8.8
19/06/2025 12:45:38,7.8
19/06/2025 12:45:39,5.3
19/06/2025 12:45:40,4.7
19/06/2025 12:45:41,4.2
19/06/2025 12:45:42,5.2
19/06/2025 12:45:43,4.5
19/06/2025 12:45:44,5.7
19/06/2025 12:45:45,3.3
19/06/2025 12:45:46,1.3
19/06/2025 12:45:47,2.8
19/06/2025 12:45:48,2.2
19/06/2025 12:45:49,3.3
19/06/2025 12:45:50,1.5
19/06/2025 12:45:51,-0.4
19/06/2025 12:45:52,-0.5
19/06/2025 12:45:53,0.9
19/06/2025 12:45:54,2.1
19/06/2025 12:45:55,0.0
19/06/2025 12:45:56,0.1
19/06/2025 12:45:57,-1.8
19/06/2025 12:45:58,-3.2
19/06/2025 12:45:59,-3.1
19/06/2025 12:46:00,-3.2
19/06/2025 12:46:01,-3.0
19/06/2025 12:46:02,-3.1
19/06/2025 12:46:03,-4.3
19/06/2025 12:46:04,-5.6
19/06/2025 12:46:05,-5.6
19/06/2025 12:46:06,-3.7
19/06/2025 12:46:07,-5.1
19/06/2025 12:46:08,-6.3
19/06/2025 12:46:09,-7.4
19/06/2025 12:46:10,-7.3
19/06/2025 12:46:11,-7.8
19/06/2025 12:46:12,-8.7
19/06/2025 12:46:13,-8.4
19/06/2025 12:46:14,-6.4
19/06/2025 12:46:15,-7.6
19/06/2025 12:46:16,-8.7
19/06/2025 12:46:17,-9.3
19/06/2025 12:46:18,-10.2
19/06/2025 12:46:19,-10.9
19/06/2025 12:46:20,-11.5
19/06/2025 12:46:21,-12.2
19/06/2025 12:46:22,-12.7
19/06/2025 12:46:23,-13.1
19/06/2025 12:46:24,-13.5
19/06/2025 12:46:25,-14.0
19/06/2025 12:46:26,-14.3
19/06/2025 12:46:27,-14.6
19/06/2025 12:46:28,-15.0
19/06/2025 12:46:29,-15.3
19/06/2025 12:46:30,-15.6
19/06/2025 12:46:31,-15.8
19/06/2025 12:46:32,-16.0
19/06/2025 12:46:33,-16.2
19/06/2025 12:46:34,-16.5
19/06/2025 12:46:35,-16.6
19/06/2025 12:46:36,-16.8
19/06/2025 12:46:37,-17.0
19/06/2025 12:46:38,-17.1
19/06/2025 12:46:39,-17.2
19/06/2025 12:46:40,-17.3
19/06/2025 12:46:41,-17.5
19/06/2025 12:46:42,-17.5
19/06/2025 12:46:43,-17.7
19/06/2025 12:46:44,-17.8
19/06/2025 12:46:45,-17.8
19/06/2025 12:46:46,-17.9
19/06/2025 12:46:47,-18.0
19/06/2025 12:46:48,-18.1
19/06/2025 12:46:49,-18.2
19/06/2025 12:46:50,-18.2
19/06/2025 12:46:51,-18.3
19/06/2025 12:46:52,-18.3
19/06/2025 12:46:53,-18.4
19/06/2025 12:46:54,-18.5
19/06/2025 12:46:55,-18.5
19/06/2025 12:46:56,-18.4
19/06/2025 12:46:57,-18.5
19/06/2025 12:46:58,-18.5
19/06/2025 12:46:59,-18.6
19/06/2025 12:47:00,-16.7
19/06/2025 12:47:01,-16.3
19/06/2025 12:47:02,-15.2
19/06/2025 12:47:03,-13.6
19/06/2025 12:47:04,-13.8
19/06/2025 12:47:05,-14.4
19/06/2025 12:47:06,-13.1
19/06/2025 12:47:07,-10.7
19/06/2025 12:47:08,-10.9
19/06/2025 12:47:09,-11.9
19/06/2025 12:47:10,-12.0
19/06/2025 12:47:11,-9.7
19/06/2025 12:47:12,-8.6
19/06/2025 12:47:13,-9.7
19/06/2025 12:47:14,-10.8
19/06/2025 12:47:15,-9.5
19/06/2025 12:47:16,-8.0
19/06/2025 12:47:17,-7.9
19/06/2025 12:47:18,-6.9
19/06/2025 12:47:19,-6.8
19/06/2025 12:47:20,-7.0
19/06/2025 12:47:21,-6.8
19/06/2025 12:47:22,-6.5
19/06/2025 12:47:23,-4.6
19/06/2025 12:47:24,-3.0
19/06/2025 12:47:25,-3.4
19/06/2025 12:47:26,-1.8
19/06/2025 12:47:27,-2.6
19/06/2025 12:47:28,-2.6
19/06/2025 12:47:29,-2.5
19/06/2025 12:47:30,-2.7
19/06/2025 12:47:31,-1.1
19/06/2025 12:47:32,0.2
19/06/2025 12:47:33,1.4
19/06/2025 12:47:34,2.1
19/06/2025 12:47:35,1.7
19/06/2025 12:47:36,1.0
19/06/2025 12:47:37,2.3
19/06/2025 12:47:38,3.4
19/06/2025 12:47:39,4.4
19/06/2025 12:47:40,4.6
19/06/2025 12:47:41,2.5
19/06/2025 12:47:42,3.8
19/06/2025 12:47:43,4.8
19/06/2025 12:47:44,5.7
19/06/2025 12:47:45,6.5
19/06/2025 12:47:46,7.2
19/06/2025 12:47:47,7.8
19/06/2025 12:47:48,8.3
19/06/2025 12:47:49,5.5
19/06/2025 12:47:50,6.6
19/06/2025 12:47:51,7.4
19/06/2025 12:47:52,8.1
19/06/2025 12:47:53,8.7
19/06/2025 12:47:54,9.3
19/06/2025 12:47:55,12.5
19/06/2025 12:47:56,13.5
19/06/2025 12:47:57,13.6
19/06/2025 12:47:58,13.8
19/06/2025 12:47:59,14.0
19/06/2025 12:48:00,12.2
19/06/2025 12:48:01,12.9
19/06/2025 12:48:02,13.2
19/06/2025 12:48:03,13.5
19/06/2025 12:48:04,13.8
19/06/2025 12:48:05,14.0
19/06/2025 12:48:06,14.3
19/06/2025 12:48:07,14.5
19/06/2025 12:48:08,14.7
19/06/2025 12:48:09,14.8
19/06/2025 12:48:10,17.6
19/06/2025 12:48:11,21.5
19/06/2025 12:48:12,20.9
19/06/2025 12:48:13,19.0
19/06/2025 12:48:14,17.1
19/06/2025 12:48:15,17.4
19/06/2025 12:48:16,17.4
19/06/2025 12:48:17,17.5
19/06/2025 12:48:18,20.1
19/06/2025 12:48:19,20.6
19/06/2025 12:48:20,20.4
19/06/2025 12:48:21,26.3
19/06/2025 12:48:22,28.8
19/06/2025 12:48:23,27.9
19/06/2025 12:48:24,25.2
19/06/2025 12:48:25,21.5
19/06/2025 12:48:26,21.4
19/06/2025 12:48:27,21.3
19/06/2025 12:48:28,24.1
19/06/2025 12:48:29,29.9
19/06/2025 12:48:30,29.4
19/06/2025 12:48:31,28.4
19/06/2025 12:48:32,27.6
19/06/2025 12:48:33,26.9
19/06/2025 12:48:34,26.3
19/06/2025 12:48:35,28.4
19/06/2025 12:48:36,28.2
19/06/2025 12:48:37,27.5
19/06/2025 12:48:38,30.0
19/06/2025 12:48:39,31.1
19/06/2025 12:48:40,31.2
19/06/2025 12:48:41,30.3
19/06/2025 12:48:42,29.4
19/06/2025 12:48:43,34.2
19/06/2025 12:48:44,33.7
19/06/2025 12:48:45,32.6
19/06/2025 12:48:46,33.4
19/06/2025 12:48:47,33.6
19/06/2025 12:48:48,34.6
19/06/2025 12:48:49,39.4
19/06/2025 12:48:50,38.5
19/06/2025 12:48:51,37.4
19/06/2025 12:48:52,36.1
19/06/2025 12:48:53,34.9
19/06/2025 12:48:54,33.9
19/06/2025 12:48:55,37.8
19/06/2025 12:48:56,42.3
19/06/2025 12:48:57,41.2
19/06/2025 12:48:58,39.9
19/06/2025 12:48:59,38.5
19/06/2025 12:49:00,37.3
19/06/2025 12:49:01,37.8
19/06/2025 12:49:02,42.4
19/06/2025 12:49:03,41.7
19/06/2025 12:49:04,42.2
19/06/2025 12:49:05,44.5
19/06/2025 12:49:06,42.7
19/06/2025 12:49:07,41.1
19/06/2025 12:49:08,39.7
19/06/2025 12:49:09,42.9
19/06/2025 12:49:10,46.9
19/06/2025 12:49:11,50.3
19/06/2025 12:49:12,49.4
19/06/2025 12:49:13,47.3
19/06/2025 12:49:14,45.4
19/06/2025 12:49:15,43.8
19/06/2025 12:49:16,46.6
19/06/2025 12:49:17,47.6
19/06/2025 12:49:18,51.1
19/06/2025 12:49:19,50.2
19/06/2025 12:49:20,48.1
19/06/2025 12:49:21,46.3
19/06/2025 12:49:22,48.5
19/06/2025 12:49:23,50.7
19/06/2025 12:49:24,50.1
19/06/2025 12:49:25,51.9
19/06/2025 12:49:26,53.2
19/06/2025 12:49:27,52.9
19/06/2025 12:49:28,51.6
19/06/2025 12:49:29,51.3
19/06/2025 12:49:30,53.0
19/06/2025 12:49:31,55.9
19/06/2025 12:49:32,54.8
19/06/2025 12:49:33,53.4
19/06/2025 12:49:34,53.9
19/06/2025 12:49:35,56.9
19/06/2025 12:49:36,58.6
19/06/2025 12:49:37,56.0
19/06/2025 12:49:38,53.7
19/06/2025 12:49:39,55.5
19/06/2025 12:49:40,57.8
19/06/2025 12:49:41,60.3
19/06/2025 12:49:42,61.9
19/06/2025 12:49:43,59.1
19/06/2025 12:49:44,57.5
19/06/2025 12:49:45,57.8
19/06/2025 12:49:46,60.5
19/06/2025 12:49:47,62.4
19/06/2025 12:49:48,64.0
19/06/2025 12:49:49,64.0
19/06/2025 12:49:50,63.1
19/06/2025 12:49:51,60.3
19/06/2025 12:49:52,58.8
19/06/2025 12:49:53,61.5
19/06/2025 12:49:54,63.4
19/06/2025 12:49:55,65.4
19/06/2025 12:49:56,67.2
19/06/2025 12:49:57,68.8
19/06/2025 12:49:58,67.3
19/06/2025 12:49:59,64.3
19/06/2025 12:50:00,65.0
19/06/2025 12:50:01,64.2
19/06/2025 12:50:02,61.4
19/06/2025 12:50:03,59.3
19/06/2025 12:50:04,62.0
19/06/2025 12:50:05,61.3
19/06/2025 12:50:06,58.7
19/06/2025 12:50:07,56.4
19/06/2025 12:50:08,57.1
19/06/2025 12:50:09,57.5
19/06/2025 12:50:10,55.4
19/06/2025 12:50:11,58.0
19/06/2025 12:50:12,55.6
19/06/2025 12:50:13,53.4
19/06/2025 12:50:14,52.1
19/06/2025 12:50:15,54.8
19/06/2025 12:50:16,53.0
19/06/2025 12:50:17,53.4
19/06/2025 12:50:18,51.3
19/06/2025 12:50:19,49.4
19/06/2025 12:50:20,50.3
19/06/2025 12:50:21,48.4
19/06/2025 12:50:22,49.4
19/06/2025 12:50:23,52.9
19/06/2025 12:50:24,50.9
19/06/2025 12:50:25,48.9
19/06/2025 12:50:26,47.1
19/06/2025 12:50:27,45.5
19/06/2025 12:50:28,44.6
19/06/2025 12:50:29,45.6
19/06/2025 12:50:30,46.4
19/06/2025 12:50:31,47.7
19/06/2025 12:50:32,45.9
19/06/2025 12:50:33,44.2
19/06/2025 12:50:34,42.7
19/06/2025 12:50:35,41.3
19/06/2025 12:50:36,40.2
19/06/2025 12:50:37,41.8
19/06/2025 12:50:38,40.4
19/06/2025 12:50:39,44.5
19/06/2025 12:50:40,43.1
19/06/2025 12:50:41,41.4
19/06/2025 12:50:42,40.1
19/06/2025 12:50:43,39.1
19/06/2025 12:50:44,37.9
19/06/2025 12:50:45,36.8
19/06/2025 12:50:46,35.7
19/06/2025 12:50:47,37.7
19/06/2025 12:50:48,42.1
19/06/2025 12:50:49,40.6
19/06/2025 12:50:50,39.5
19/06/2025 12:50:51,36.3
19/06/2025 12:50:52,35.4
19/06/2025 12:50:53,34.5
19/06/2025 12:50:54,33.6
19/06/2025 12:50:55,32.7
19/06/2025 12:50:56,31.9
19/06/2025 12:50:57,31.3
19/06/2025 12:50:58,30.6
19/06/2025 12:50:59,29.9
19/06/2025 12:51:00,29.3
19/06/2025 12:51:01,34.3
19/06/2025 12:51:02,36.4
19/06/2025 12:51:03,31.3
19/06/2025 12:51:04,27.9
19/06/2025 12:51:05,27.3
19/06/2025 12:51:06,27.0
19/06/2025 12:51:07,26.6
19/06/2025 12:51:08,26.2
19/06/2025 12:51:09,28.6
19/06/2025 12:51:10,31.4
19/06/2025 12:51:11,30.5
19/06/2025 12:51:12,29.7
19/06/2025 12:51:13,27.2
19/06/2025 12:51:14,25.2
19/06/2025 12:51:15,24.8
19/06/2025 12:51:16,22.8
19/06/2025 12:51:17,22.7
19/06/2025 12:51:18,22.6
19/06/2025 12:51:19,22.4
19/06/2025 12:51:20,22.2
19/06/2025 12:51:21,22.0
19/06/2025 12:51:22,21.9
19/06/2025 12:51:23,21.7
19/06/2025 12:51:24,21.5
19/06/2025 12:51:25,21.3
19/06/2025 12:51:26,21.2
19/06/2025 12:51:27,21.0
19/06/2025 12:51:28,20.9
19/06/2025 12:51:29,18.9
19/06/2025 12:51:30,17.4
19/06/2025 12:51:31,17.7
19/06/2025 12:51:32,16.9
19/06/2025 12:51:33,14.7
19/06/2025 12:51:34,15.3
19/06/2025 12:51:35,15.6
19/06/2025 12:51:36,15.9
19/06/2025 12:51:37,16.0
19/06/2025 12:51:38,16.2
19/06/2025 12:51:39,16.3
19/06/2025 12:51:40,14.7
19/06/2025 12:51:41,15.1
19/06/2025 12:51:42,15.5
19/06/2025 12:51:43,12.6
19/06/2025 12:51:44,9.9
19/06/2025 12:51:45,10.6
19/06/2025 12:51:46,9.4
19/06/2025 12:51:47,10.3
19/06/2025 12:51:48,10.9
19/06/2025 12:51:49,11.5
19/06/2025 12:51:50,9.0
19/06/2025 12:51:51,9.5
19/06/2025 12:51:52,8.9
19/06/2025 12:51:53,8.4
19/06/2025 12:51:54,8.3
19/06/2025 12:51:55,8.3
19/06/2025 12:51:56,6.6
19/06/2025 12:51:57,7.7
19/06/2025 12:51:58,7.2
19/06/2025 12:51:59,6.4
19/06/2025 12:52:00,4.5
19/06/2025 12:52:01,4.8
19/06/2025 12:52:02,3.5
19/06/2025 12:52:03,4.0
19/06/2025 12:52:04,5.1
19/06/2025 12:52:05,6.1
19/06/2025 12:52:06,4.0
19/06/2025 12:52:07,2.3
19/06/2025 12:52:08,0.5
19/06/2025 12:52:09,-0.4
19/06/2025 12:52:10,0.5
19/06/2025 12:52:11,1.1
19/06/2025 12:52:12,0.8
19/06/2025 12:52:13,2.1
19/06/2025 12:52:14,0.9
19/06/2025 12:52:15,-1.0
19/06/2025 12:52:16,-0.3
19/06/2025 12:52:17,0.4
19/06/2025 12:52:18,-1.5
19/06/2025 12:52:19,-3.1
19/06/2025 12:52:20,-4.4
19/06/2025 12:52:21,-5.3
19/06/2025 12:52:22,-4.8
19/06/2025 12:52:23,-4.1
19/06/2025 12:52:24,-4.6
19/06/2025 12:52:25,-5.2
19/06/2025 12:52:26,-4.2
19/06/2025 12:52:27,-4.1
19/06/2025 12:52:28,-5.4
19/06/2025 12:52:29,-6.6
19/06/2025 12:52:30,-7.6
19/06/2025 12:52:31,-8.5
19/06/2025 12:52:32,-9.4
19/06/2025 12:52:33,-10.1
19/06/2025 12:52:34,-10.0
19/06/2025 12:52:35,-9.8
19/06/2025 12:52:36,-9.4
19/06/2025 12:52:37,-10.3
19/06/2025 12:52:38,-11.0
19/06/2025 12:52:39,-11.7
19/06/2025 12:52:40,-12.2
19/06/2025 12:52:41,-11.2
19/06/2025 12:52:42,-11.9
19/06/2025 12:52:43,-12.5
19/06/2025 12:52:44,-13.0
19/06/2025 12:52:45,-13.4
19/06/2025 12:52:46,-13.9
19/06/2025 12:52:47,-14.2
19/06/2025 12:52:48,-14.7
19/06/2025 12:52:49,-14.8
19/06/2025 12:52:50,-15.2
19/06/2025 12:52:51,-15.3
19/06/2025 12:52:52,-15.6
19/06/2025 12:52:53,-15.8
19/06/2025 12:52:54,-16.0
19/06/2025 12:52:55,-16.3
19/06/2025 12:52:56,-16.4
19/06/2025 12:52:57,-16.5
19/06/2025 12:52:58,-16.7
19/06/2025 12:52:59,-16.8
19/06/2025 12:53:00,-16.9
19/06/2025 12:53:01,-17.0
19/06/2025 12:53:02,-17.2
19/06/2025 12:53:03,-17.3
19/06/2025 12:53:04,-17.3
19/06/2025 12:53:05,-17.5
19/06/2025 12:53:06,-17.6
19/06/2025 12:53:07,-17.6
19/06/2025 12:53:08,-17.7
19/06/2025 12:53:09,-17.8
19/06/2025 12:53:10,-17.9
19/06/2025 12:53:11,-17.9
19/06/2025 12:53:12,-17.9
19/06/2025 12:53:13,-18.0
19/06/2025 12:53:14,-18.0
19/06/2025 12:53:15,-18.1
19/06/2025 12:53:16,-18.1
19/06/2025 12:53:17,-18.1
19/06/2025 12:53:18,-18.3
19/06/2025 12:53:19,-18.2
19/06/2025 12:53:20,-16.8
19/06/2025 12:53:21,-14.3
19/06/2025 12:53:22,-13.7
19/06/2025 12:53:23,-14.5
19/06/2025 12:53:24,-14.8
19/06/2025 12:53:25,-15.2
19/06/2025 12:53:26,-12.8
19/06/2025 12:53:27,-12.1
19/06/2025 12:53:28,-11.6
19/06/2025 12:53:29,-10.9
19/06/2025 12:53:30,-10.6
19/06/2025 12:53:31,-11.5
19/06/2025 12:53:32,-10.7
19/06/2025 12:53:33,-8.8
19/06/2025 12:53:34,-6.8
19/06/2025 12:53:35,-5.2
19/06/2025 12:53:36,-6.9
19/06/2025 12:53:37,-8.1
19/06/2025 12:53:38,-7.7
19/06/2025 12:53:39,-5.8
19/06/2025 12:53:40,-5.6
19/06/2025 12:53:41,-6.9
19/06/2025 12:53:42,-5.0
19/06/2025 12:53:43,-3.4
19/06/2025 12:53:44,-3.6
19/06/2025 12:53:45,-2.3
19/06/2025 12:53:46,-3.8
19/06/2025 12:53:47,-4.0
19/06/2025 12:53:48,-2.2
19/06/2025 12:53:49,-0.8
19/06/2025 12:53:50,-1.2
19/06/2025 12:53:51,0.3
19/06/2025 12:53:52,1.2
19/06/2025 12:53:53,2.4
19/06/2025 12:53:54,1.8
19/06/2025 12:53:55,3.0
19/06/2025 12:53:56,2.4
19/06/2025 12:53:57,1.8
19/06/2025 12:53:58,1.4
19/06/2025 12:53:59,2.5
19/06/2025 12:54:00,3.7
19/06/2025 12:54:01,4.6
19/06/2025 12:54:02,5.5
19/06/2025 12:54:03,6.3
19/06/2025 12:54:04,7.1
19/06/2025 12:54:05,7.8
19/06/2025 12:54:06,7.3
19/06/2025 12:54:07,5.7
19/06/2025 12:54:08,6.8
19/06/2025 12:54:09,7.6
19/06/2025 12:54:10,8.3
19/06/2025 12:54:11,8.9
19/06/2025 12:54:12,9.5
19/06/2025 12:54:13,10.0
19/06/2025 12:54:14,10.5
19/06/2025 12:54:15,10.9
19/06/2025 12:54:16,11.4
19/06/2025 12:54:17,11.8
19/06/2025 12:54:18,12.2
19/06/2025 12:54:19,12.6
19/06/2025 12:54:20,11.1
19/06/2025 12:54:21,11.7
19/06/2025 12:54:22,12.2
19/06/2025 12:54:23,17.8
19/06/2025 12:54:24,19.2
19/06/2025 12:54:25,18.9
19/06/2025 12:54:26,17.2
19/06/2025 12:54:27,14.5
19/06/2025 12:54:28,14.1
19/06/2025 12:54:29,14.6
19/06/2025 12:54:30,18.3
19/06/2025 12:54:31,18.1
19/06/2025 12:54:32,20.2
19/06/2025 12:54:33,21.2
19/06/2025 12:54:34,20.2
19/06/2025 12:54:35,19.0
19/06/2025 12:54:36,20.5
19/06/2025 12:54:37,22.2
19/06/2025 12:54:38,21.8
19/06/2025 12:54:39,21.6
19/06/2025 12:54:40,21.3
19/06/2025 12:54:41,21.1
19/06/2025 12:54:42,20.9
19/06/2025 12:54:43,25.1
19/06/2025 12:54:44,26.5
19/06/2025 12:54:45,25.8
19/06/2025 12:54:46,25.2
19/06/2025 12:54:47,24.7
19/06/2025 12:54:48,24.3
19/06/2025 12:54:49,24.0
19/06/2025 12:54:50,27.8
19/06/2025 12:54:51,29.1
19/06/2025 12:54:52,31.3
19/06/2025 12:54:53,30.3
19/06/2025 12:54:54,29.4
19/06/2025 12:54:55,28.8
19/06/2025 12:54:56,28.1
19/06/2025 12:54:57,27.4
19/06/2025 12:54:58,27.9
19/06/2025 12:54:59,33.6
19/06/2025 12:55:00,37.1
19/06/2025 12:55:01,34.4
19/06/2025 12:55:02,32.8
19/06/2025 12:55:03,31.9
19/06/2025 12:55:04,31.1
19/06/2025 12:55:05,30.4
19/06/2025 12:55:06,29.6
19/06/2025 12:55:07,33.3
19/06/2025 12:55:08,36.9
19/06/2025 12:55:09,36.1
19/06/2025 12:55:10,37.8
19/06/2025 12:55:11,38.9
19/06/2025 12:55:12,37.4
19/06/2025 12:55:13,36.2
19/06/2025 12:55:14,35.1
19/06/2025 12:55:15,37.0
19/06/2025 12:55:16,39.1
19/06/2025 12:55:17,40.4
19/06/2025 12:55:18,38.9
19/06/2025 12:55:19,37.6
19/06/2025 12:55:20,40.1
19/06/2025 12:55:21,44.3
19/06/2025 12:55:22,44.4
19/06/2025 12:55:23,42.9
19/06/2025 12:55:24,41.4
19/06/2025 12:55:25,40.3
19/06/2025 12:55:26,41.9
19/06/2025 12:55:27,46.2
19/06/2025 12:55:28,49.0
19/06/2025 12:55:29,46.9
19/06/2025 12:55:30,45.4
19/06/2025 12:55:31,43.8
19/06/2025 12:55:32,42.2
19/06/2025 12:55:33,44.0
19/06/2025 12:55:34,48.0
19/06/2025 12:55:35,48.2
19/06/2025 12:55:36,46.3
19/06/2025 12:55:37,44.9
19/06/2025 12:55:38,46.0
19/06/2025 12:55:39,49.8
19/06/2025 12:55:40,53.1
19/06/2025 12:55:41,53.1
19/06/2025 12:55:42,50.9
19/06/2025 12:55:43,48.9
19/06/2025 12:55:44,47.5
19/06/2025 12:55:45,48.3
19/06/2025 12:55:46,51.9
19/06/2025 12:55:47,54.8
19/06/2025 12:55:48,52.9
19/06/2025 12:55:49,53.4
19/06/2025 12:55:50,53.4
19/06/2025 12:55:51,53.7
19/06/2025 12:55:52,54.3
19/06/2025 12:55:53,57.2
19/06/2025 12:55:54,59.7
19/06/2025 12:55:55,57.2
19/06/2025 12:55:56,54.8
19/06/2025 12:55:57,53.1
19/06/2025 12:55:58,55.7
19/06/2025 12:55:59,58.5
19/06/2025 12:56:00,61.0
19/06/2025 12:56:01,63.2
19/06/2025 12:56:02,60.5
19/06/2025 12:56:03,58.0
19/06/2025 12:56:04,55.6
19/06/2025 12:56:05,55.8
19/06/2025 12:56:06,58.9
19/06/2025 12:56:07,61.5
19/06/2025 12:56:08,63.7
19/06/2025 12:56:09,65.7
19/06/2025 12:56:10,67.3
19/06/2025 12:56:11,64.6
19/06/2025 12:56:12,64.6
19/06/2025 12:56:13,64.2
19/06/2025 12:56:14,61.4
19/06/2025 12:56:15,61.1
19/06/2025 12:56:16,63.6
19/06/2025 12:56:17,65.7
19/06/2025 12:56:18,67.6
19/06/2025 12:56:19,68.9
19/06/2025 12:56:20,66.6
19/06/2025 12:56:21,65.5
19/06/2025 12:56:22,63.3
19/06/2025 12:56:23,60.6
19/06/2025 12:56:24,56.3
19/06/2025 12:56:25,54.5
19/06/2025 12:56:26,57.1
19/06/2025 12:56:27,60.0
19/06/2025 12:56:28,60.8
19/06/2025 12:56:29,58.1
19/06/2025 12:56:30,55.8
19/06/2025 12:56:31,55.9
19/06/2025 12:56:32,54.1
19/06/2025 12:56:33,52.5
19/06/2025 12:56:34,50.5
19/06/2025 12:56:35,53.2
19/06/2025 12:56:36,56.4
19/06/2025 12:56:37,54.7
19/06/2025 12:56:38,52.5
19/06/2025 12:56:39,50.5
19/06/2025 12:56:40,49.1
19/06/2025 12:56:41,49.0
19/06/2025 12:56:42,50.0
19/06/2025 12:56:43,49.1
19/06/2025 12:56:44,49.4
19/06/2025 12:56:45,48.2
19/06/2025 12:56:46,46.5
19/06/2025 12:56:47,46.5
19/06/2025 12:56:48,46.3
19/06/2025 12:56:49,44.7
19/06/2025 12:56:50,45.9
19/06/2025 12:56:51,44.3
19/06/2025 12:56:52,45.5
19/06/2025 12:56:53,43.9
19/06/2025 12:56:54,42.7
19/06/2025 12:56:55,42.7
19/06/2025 12:56:56,42.7
19/06/2025 12:56:57,41.2
19/06/2025 12:56:58,40.0
19/06/2025 12:56:59,38.8
19/06/2025 12:57:00,37.6
19/06/2025 12:57:01,40.8
19/06/2025 12:57:02,44.0
19/06/2025 12:57:03,42.3
19/06/2025 12:57:04,40.8
19/06/2025 12:57:05,39.5
19/06/2025 12:57:06,38.3
19/06/2025 12:57:07,37.2
19/06/2025 12:57:08,36.3
19/06/2025 12:57:09,35.4
19/06/2025 12:57:10,35.7
19/06/2025 12:57:11,36.4
19/06/2025 12:57:12,35.3
19/06/2025 12:57:13,34.3
19/06/2025 12:57:14,33.4
19/06/2025 12:57:15,32.7
19/06/2025 12:57:16,31.9
19/06/2025 12:57:17,31.1
19/06/2025 12:57:18,30.5
19/06/2025 12:57:19,29.8
19/06/2025 12:57:20,31.0
19/06/2025 12:57:21,31.5
19/06/2025 12:57:22,33.9
19/06/2025 12:57:23,33.0
19/06/2025 12:57:24,31.1
19/06/2025 12:57:25,29.5
19/06/2025 12:57:26,27.1
19/06/2025 12:57:27,26.9
19/06/2025 12:57:28,26.6
19/06/2025 12:57:29,26.3
19/06/2025 12:57:30,25.9
19/06/2025 12:57:31,25.4
19/06/2025 12:57:32,26.3
19/06/2025 12:57:33,27.8
19/06/2025 12:57:34,27.2
19/06/2025 12:57:35,23.6
19/06/2025 12:57:36,23.0
19/06/2025 12:57:37,23.0
19/06/2025 12:57:38,22.9
19/06/2025 12:57:39,21.9
19/06/2025 12:57:40,20.8
19/06/2025 12:57:41,20.9
19/06/2025 12:57:42,20.8
19/06/2025 12:57:43,20.7
19/06/2025 12:57:44,20.7
19/06/2025 12:57:45,20.6
19/06/2025 12:57:46,20.5
19/06/2025 12:57:47,20.4
19/06/2025 12:57:48,17.7
19/06/2025 12:57:49,17.2
19/06/2025 12:57:50,17.5
19/06/2025 12:57:51,17.6
19/06/2025 12:57:52,17.3
19/06/2025 12:57:53,16.3
19/06/2025 12:57:54,16.6
19/06/2025 12:57:55,16.8
19/06/2025 12:57:56,15.2
19/06/2025 12:57:57,15.6
19/06/2025 12:57:58,15.8
19/06/2025 12:57:59,15.7
19/06/2025 12:58:00,14.3
19/06/2025 12:58:01,13.5
19/06/2025 12:58:02,14.1
19/06/2025 12:58:03,11.9
19/06/2025 12:58:04,9.8
19/06/2025 12:58:05,10.9
19/06/2025 12:58:06,11.5
19/06/2025 12:58:07,11.7
19/06/2025 12:58:08,10.5
19/06/2025 12:58:09,8.3
19/06/2025 12:58:10,7.7
19/06/2025 12:58:11,8.6
19/06/2025 12:58:12,9.4
19/06/2025 12:58:13,10.0
19/06/2025 12:58:14,8.5
19/06/2025 12:58:15,8.2
19/06/2025 12:58:16,8.5
19/06/2025 12:58:17,5.9
19/06/2025 12:58:18,4.2
19/06/2025 12:58:19,4.0
19/06/2025 12:58:20,3.8
19/06/2025 12:58:21,5.0
19/06/2025 12:58:22,6.0
19/06/2025 12:58:23,6.5
19/06/2025 12:58:24,5.6
19/06/2025 12:58:25,3.6
19/06/2025 12:58:26,1.7
19/06/2025 12:58:27,1.5
19/06/2025 12:58:28,-0.1
19/06/2025 12:58:29,1.4
19/06/2025 12:58:30,-0.3
19/06/2025 12:58:31,1.4
19/06/2025 12:58:32,0.8
19/06/2025 12:58:33,-1.0
19/06/2025 12:58:34,-0.9
19/06/2025 12:58:35,0.7
19/06/2025 12:58:36,1.8
19/06/2025 12:58:37,-0.4
19/06/2025 12:58:38,-2.0
19/06/2025 12:58:39,-3.1
19/06/2025 12:58:40,-4.4
19/06/2025 12:58:41,-4.1
19/06/2025 12:58:42,-5.2
19/06/2025 12:58:43,-4.9
19/06/2025 12:58:44,-4.8
19/06/2025 12:58:45,-6.2
19/06/2025 12:58:46,-6.9
19/06/2025 12:58:47,-7.9
19/06/2025 12:58:48,-7.3
19/06/2025 12:58:49,-6.9
19/06/2025 12:58:50,-8.0
19/06/2025 12:58:51,-8.8
19/06/2025 12:58:52,-9.7
19/06/2025 12:58:53,-9.0
19/06/2025 12:58:54,-9.6
19/06/2025 12:58:55,-10.4
19/06/2025 12:58:56,-11.0
19/06/2025 12:58:57,-11.6
19/06/2025 12:58:58,-12.1
19/06/2025 12:58:59,-11.1
19/06/2025 12:59:00,-11.8
19/06/2025 12:59:01,-12.3
19/06/2025 12:59:02,-12.7
19/06/2025 12:59:03,-11.9
19/06/2025 12:59:04,-12.4
19/06/2025 12:59:05,-13.0
19/06/2025 12:59:06,-13.5
19/06/2025 12:59:07,-13.7
19/06/2025 12:59:08,-14.0
19/06/2025 12:59:09,-14.3
19/06/2025 12:59:10,-14.6
19/06/2025 12:59:11,-14.9
19/06/2025 12:59:12,-15.2
19/06/2025 12:59:13,-15.4
19/06/2025 12:59:14,-15.5
19/06/2025 12:59:15,-15.7
19/06/2025 12:59:16,-15.9
19/06/2025 12:59:17,-16.0
19/06/2025 12:59:18,-16.2
19/06/2025 12:59:19,-16.4
19/06/2025 12:59:20,-16.5
19/06/2025 12:59:21,-16.6
19/06/2025 12:59:22,-16.8
19/06/2025 12:59:23,-16.8
19/06/2025 12:59:24,-16.9
19/06/2025 12:59:25,-17.0
19/06/2025 12:59:26,-17.1
19/06/2025 12:59:27,-17.2
19/06/2025 12:59:28,-17.2
19/06/2025 12:59:29,-17.3
19/06/2025 12:59:30,-17.4
19/06/2025 12:59:31,-17.5
19/06/2025 12:59:32,-17.5
19/06/2025 12:59:33,-17.5
19/06/2025 12:59:34,-17.6
19/06/2025 12:59:35,-17.7
19/06/2025 12:59:36,-17.7
19/06/2025 12:59:37,-17.8
19/06/2025 12:59:38,-17.8
19/06/2025 12:59:39,-16.7
19/06/2025 12:59:40,-16.7
19/06/2025 12:59:41,-15.7
19/06/2025 12:59:42,-14.3
19/06/2025 12:59:43,-13.5
19/06/2025 12:59:44,-13.3
19/06/2025 12:59:45,-11.9
19/06/2025 12:59:46,-12.8
19/06/2025 12:59:47,-12.2
19/06/2025 12:59:48,-9.8
19/06/2025 12:59:49,-8.9
19/06/2025 12:59:50,-10.3
19/06/2025 12:59:51,-11.1
19/06/2025 12:59:52,-11.7
19/06/2025 12:59:53,-9.8
19/06/2025 12:59:54,-7.8
19/06/2025 12:59:55,-6.0
19/06/2025 12:59:56,-7.0
19/06/2025 12:59:57,-8.3
19/06/2025 12:59:58,-7.7
19/06/2025 12:59:59,-7.3
19/06/2025 13:00:00,-6.0
19/06/2025 13:00:01,-4.2
19/06/2025 13:00:02,-4.2
19/06/2025 13:00:03,-3.5
19/06/2025 13:00:04,-4.6
19/06/2025 13:00:05,-2.7
19/06/2025 13:00:06,-2.9
19/06/2025 13:00:07,-1.3
19/06/2025 13:00:08,0.1
19/06/2025 13:00:09,0.2
19/06/2025 13:00:10,-1.5
19/06/2025 13:00:11,-0.9
19/06/2025 13:00:12,0.6
19/06/2025 13:00:13,1.8
19/06/2025 13:00:14,2.9
19/06/2025 13:00:15,3.0
19/06/2025 13:00:16,3.4
19/06/2025 13:00:17,2.0
19/06/2025 13:00:18,2.2
19/06/2025 13:00:19,3.5
19/06/2025 13:00:20,4.6
19/06/2025 13:00:21,5.5
19/06/2025 13:00:22,6.3
19/06/2025 13:00:23,5.4
19/06/2025 13:00:24,6.2
19/06/2025 13:00:25,6.6
19/06/2025 13:00:26,6.3
19/06/2025 13:00:27,7.2
19/06/2025 13:00:28,8.0
19/06/2025 13:00:29,8.7
19/06/2025 13:00:30,9.3
19/06/2025 13:00:31,9.7
19/06/2025 13:00:32,10.3
19/06/2025 13:00:33,9.0
19/06/2025 13:00:34,9.9
19/06/2025 13:00:35,14.0
19/06/2025 13:00:36,14.2
19/06/2025 13:00:37,13.5
19/06/2025 13:00:38,12.9
19/06/2025 13:00:39,13.4
19/06/2025 13:00:40,13.7
19/06/2025 13:00:41,14.0
19/06/2025 13:00:42,14.4
19/06/2025 13:00:43,14.6
19/06/2025 13:00:44,14.8
19/06/2025 13:00:45,15.2
19/06/2025 13:00:46,18.5
19/06/2025 13:00:47,18.3
19/06/2025 13:00:48,18.3
19/06/2025 13:00:49,18.3
19/06/2025 13:00:50,18.3
19/06/2025 13:00:51,18.3
19/06/2025 13:00:52,18.2
19/06/2025 13:00:53,18.3
19/06/2025 13:00:54,18.3
19/06/2025 13:00:55,18.3
19/06/2025 13:00:56,18.3
19/06/2025 13:00:57,18.3
19/06/2025 13:00:58,18.3
19/06/2025 13:00:59,18.3
19/06/2025 13:01:00,18.3
19/06/2025 13:01:01,18.3
19/06/2025 13:01:02,18.4
19/06/2025 13:01:03,18.4
19/06/2025 13:01:04,18.4
19/06/2025 13:01:05,18.4
19/06/2025 13:01:06,18.4
19/06/2025 13:01:07,18.4
19/06/2025 13:01:08,18.3
19/06/2025 13:01:09,18.4
19/06/2025 13:01:10,18.4
19/06/2025 13:01:11,18.4
19/06/2025 13:01:12,18.4
19/06/2025 13:01:13,18.4
19/06/2025 13:01:14,18.4
19/06/2025 13:01:15,18.5
19/06/2025 13:01:16,18.4
19/06/2025 13:01:17,18.5
19/06/2025 13:01:18,18.4
19/06/2025 13:01:19,18.5
19/06/2025 13:01:20,18.5
19/06/2025 13:01:21,18.5
